{"stats":{"minecraft:picked_up":{"minecraft:birch_log":13,"minecraft:crafting_table":2,"minecraft:leather":1,"minecraft:beef":2,"minecraft:porkchop":7,"minecraft:coal":22,"minecraft:dirt":4,"minecraft:mutton":9,"minecraft:string":2,"minecraft:white_wool":6,"minecraft:cobblestone":32},"minecraft:mined":{"minecraft:grass":2,"minecraft:grass_block":1,"minecraft:coal_ore":22,"minecraft:dirt":3,"minecraft:birch_log":13,"minecraft:stone":32,"minecraft:crafting_table":2,"minecraft:tripwire":1},"minecraft:used":{"minecraft:stone_axe":1,"minecraft:crafting_table":2,"minecraft:stone_pickaxe":50,"minecraft:string":2,"minecraft:wooden_pickaxe":8},"minecraft:crafted":{"minecraft:birch_planks":52,"minecraft:stone_axe":1,"minecraft:crafting_table":1,"minecraft:stone_pickaxe":1,"minecraft:stick":56,"minecraft:wooden_pickaxe":1},"minecraft:custom":{"minecraft:time_since_rest":18472,"minecraft:sprint_one_cm":54334,"minecraft:play_time":18472,"minecraft:walk_one_cm":20213,"minecraft:walk_under_water_one_cm":674,"minecraft:mob_kills":12,"minecraft:jump":76,"minecraft:damage_dealt":1115,"minecraft:leave_game":3,"minecraft:time_since_death":18472,"minecraft:walk_on_water_one_cm":43,"minecraft:total_world_time":18472,"minecraft:interact_with_crafting_table":6,"minecraft:fly_one_cm":184},"minecraft:killed":{"minecraft:sheep":6,"minecraft:spider":1,"minecraft:pig":3,"minecraft:cow":2}},"DataVersion":3465}