{"stats":{"minecraft:killed":{"minecraft:skeleton":2,"minecraft:sheep":6,"minecraft:zombie":5,"minecraft:pig":3,"minecraft:witch":1,"minecraft:zombie_villager":1,"minecraft:spider":2,"minecraft:bat":1,"minecraft:creeper":1,"minecraft:cow":2},"minecraft:mined":{"minecraft:furnace":5,"minecraft:birch_log":13,"minecraft:iron_ore":15,"minecraft:andesite":2,"minecraft:crafting_table":5,"minecraft:grass":2,"minecraft:grass_block":1,"minecraft:coal_ore":44,"minecraft:dirt":3,"minecraft:lapis_ore":2,"minecraft:stone":64,"minecraft:diorite":7,"minecraft:tripwire":1},"minecraft:picked_up":{"minecraft:birch_log":13,"minecraft:raw_iron":15,"minecraft:crafting_table":5,"minecraft:andesite":2,"minecraft:leather":1,"minecraft:porkchop":7,"minecraft:diorite":7,"minecraft:gunpowder":2,"minecraft:lapis_lazuli":12,"minecraft:spider_eye":1,"minecraft:string":3,"minecraft:dirt":4,"minecraft:arrow":1,"minecraft:bone":4,"minecraft:sugar":2,"minecraft:rotten_flesh":5,"minecraft:beef":2,"minecraft:mutton":9,"minecraft:coal":82,"minecraft:white_wool":6,"minecraft:cobblestone":63,"minecraft:furnace":5},"minecraft:used":{"minecraft:cooked_mutton":1,"minecraft:stone_pickaxe":66,"minecraft:string":2,"minecraft:iron_pickaxe":69,"minecraft:shield":10,"minecraft:wooden_pickaxe":8,"minecraft:stone_axe":27,"minecraft:crafting_table":6,"minecraft:furnace":7,"minecraft:cooked_porkchop":2},"minecraft:custom":{"minecraft:time_since_rest":28112,"minecraft:interact_with_furnace":28,"minecraft:sprint_one_cm":64587,"minecraft:damage_taken":190,"minecraft:walk_one_cm":35329,"minecraft:damage_blocked_by_shield":360,"minecraft:mob_kills":24,"minecraft:damage_dealt":3346,"minecraft:interact_with_crafting_table":13,"minecraft:fly_one_cm":458,"minecraft:crouch_one_cm":76,"minecraft:play_time":28112,"minecraft:sneak_time":85,"minecraft:walk_under_water_one_cm":674,"minecraft:jump":82,"minecraft:leave_game":4,"minecraft:walk_on_water_one_cm":43,"minecraft:time_since_death":28112,"minecraft:total_world_time":28112},"minecraft:crafted":{"minecraft:cooked_beef":2,"minecraft:cooked_porkchop":5,"minecraft:shield":1,"minecraft:crafting_table":1,"minecraft:stick":56,"minecraft:iron_pickaxe":1,"minecraft:iron_ingot":5,"minecraft:wooden_pickaxe":1,"minecraft:stone_pickaxe":1,"minecraft:furnace":3,"minecraft:birch_planks":52,"minecraft:stone_axe":1,"minecraft:cooked_mutton":5}},"DataVersion":3465}